"language_code","title","short_description","full_description"
"en-US","Qubble: Block Puzzle","Offline block puzzle: drop blocks, clear lines, beat your high score.","Qubble is the relaxing block puzzle that's impossible to put down. Drop blocks,
clear lines, chase high scores — playable offline, no sign-up, and not a single
forced ad.

Drag block shapes onto the 8×8 grid, fill rows and columns, and watch them
vanish with a satisfying pop. No countdown, no round taken away from you: the
run ends only when nothing fits any more. Easy to learn, hard to master —
perfect for five minutes on the bus and for the long high-score run at night.

▸ HOW IT PLAYS
Three blocks are ready, you decide where they go. Full rows and columns clear
out. Sounds simple — but every piece in the wrong spot boxes the grid in a
little more. Thinking one move ahead beats stacking. Pieces can be rotated when
things get tight.

▸ COMBO FEVER
Clear several lines in quick succession and the score multiplier explodes. The
board glows, the sound builds, the fever meter fills — and the next big break
counts double. Chain them quickly and you're rewarded; take your time and you
still finish every run.

▸ DAILY CHALLENGE
The same pieces in the same order for every player worldwide, every day. Same
conditions, one run, one result. Play daily to build your streak — and a missed
day can be repaired once.

▸ PUZZLE MODE
Levels that are guaranteed solvable: clear the board completely. Every level is
generated and verified by a solver up front, so you'll never run out. A calmer
counterweight to the high-score chase, for when you'd rather think than rush.

▸ COLLECT AND UNLOCK
• 8 themes: Classic, Fade, Neon, Ocean, Wood, Sunset, Forest and Aurora
  (Aurora is reserved for the supporter pack)
• 8 block skins, from plain to crystal
• Missions, player levels, achievements and detailed stats
• Boosters for tight runs: undo, swap pieces, board bomb
• Piggy bank: every cleared line fills it — when it's full, the coins are yours

▸ LEADERBOARD
Add a name you choose yourself and measure up against others. No account and no
email required. Without a name you play completely anonymously — the leaderboard
is optional, always.

▸ FAIR, WITH NO NAGGING
No interstitials. No banners. No ""watch a video to keep playing"". Qubble never
interrupts your game — not once. Videos only ever run when you tap them
yourself, for example to double your coins, and they always pay out exactly
what was promised. Carrying on after a game over costs coins you earn by
playing — never a video.

▸ PLAYS WITHOUT INTERNET
The game itself runs fully offline: plane, subway, dead zone — it doesn't
matter. Your progress stays on your device. Only the optional leaderboard needs
a connection.

Love Woodoku, Block Blast, Blockudoku or 1010!? Qubble will feel familiar right
away — with its own look, its own sound and that ""just one more round"" feeling.

Place the first block. Clear the grid. Beat your high score."
"de-DE","Qubble – Block Puzzle","Block Puzzle offline: Blöcke setzen, Reihen räumen, Highscore knacken.","Qubble ist das entspannte Block Puzzle, das dich nicht mehr loslässt. Blöcke
setzen, Reihen räumen, Highscore knacken – offline spielbar, ohne Anmeldung und
ohne eine einzige erzwungene Werbung.

Zieh Blockformen auf das 8×8-Raster, fülle Reihen und Spalten und lass sie mit
einem befriedigenden Pop verschwinden. Kein Countdown, keine Runde, die dir
weggenommen wird: Du bist erst raus, wenn kein Teil mehr passt. Einfach zu
lernen, schwer zu meistern – genau richtig für fünf Minuten in der Bahn und für
die lange Highscore-Jagd am Abend.

▸ SO WIRD GESPIELT
Drei Blöcke liegen bereit, du entscheidest, wohin. Volle Reihen und Spalten
lösen sich auf. Klingt simpel – aber jedes Teil, das du falsch setzt, engt das
Raster weiter ein. Wer vorausdenkt statt nur zu stapeln, kommt weiter. Teile
lassen sich außerdem drehen, wenn es eng wird.

▸ COMBO-FIEBER
Räum mehrere Linien kurz hintereinander ab und der Punkte-Multiplikator
explodiert. Das Board glüht, der Sound zieht an, das Fieber-Meter füllt sich –
und der nächste große Ausbruch zählt doppelt. Wer zügig kombiniert, wird belohnt;
wer in Ruhe knobelt, spielt trotzdem jede Runde zu Ende.

▸ TÄGLICHE CHALLENGE
Jeden Tag dieselben Teile in derselben Reihenfolge – für alle Spieler weltweit.
Faire Bedingungen, ein Versuch, ein Ergebnis. Spiel jeden Tag und bau deinen
Streak auf; ein verpasster Tag lässt sich einmal reparieren.

▸ RÄTSEL-MODUS
Garantiert lösbare Level: Räum das Board komplett ab. Jedes Level wird erzeugt
und vorab von einem Solver geprüft, Nachschub geht also nie aus. Ein ruhiger
Gegenpol zur Highscore-Jagd, wenn du lieber tüftelst als hetzt.

▸ SAMMELN & FREISCHALTEN
• 8 Themes: Classic, Fade, Neon, Ocean, Wood, Sunset, Forest und Aurora
  (Aurora ist dem Unterstützer-Paket vorbehalten)
• 8 Block-Skins von schlicht bis Kristall
• Missionen, Spieler-Level, Erfolge und eine ausführliche Statistik
• Booster für knappe Runden: Rückgängig, Teile-Tausch, Board-Bombe
• Sparschwein: Jede geräumte Linie füllt es, voll gibt's die Münzen geschenkt

▸ BESTENLISTE
Trag dich freiwillig mit einem selbst gewählten Namen ein und miss dich mit
anderen. Dafür braucht es kein Konto und keine E-Mail. Ohne Namen spielst du
komplett anonym weiter – die Bestenliste ist Kür, nicht Pflicht.

▸ FAIR UND OHNE NERVEREI
Keine Interstitials. Keine Banner. Kein „schau ein Video, um weiterzuspielen"".
Qubble unterbricht dein Spiel nicht – nie. Videos gibt es nur, wenn du sie
selbst antippst, zum Beispiel um Münzen zu verdoppeln, und sie geben immer
genau das, was versprochen wurde. Auch das Weiterspielen nach dem Aus kostet
Münzen, die du im Spiel verdienst – niemals ein Video.

▸ OHNE INTERNET SPIELBAR
Das Spiel selbst läuft komplett offline: Flugzeug, U-Bahn, Funkloch – egal.
Dein Fortschritt bleibt auf dem Gerät. Nur die optionale Bestenliste braucht
eine Verbindung.

Du magst Woodoku, Block Blast, Blockudoku oder 1010!? Dann fühlt sich Qubble
sofort vertraut an – mit eigenem Look, eigenem Sound und dem „nur noch eine
Runde""-Gefühl.

Setz den ersten Block. Räum das Raster. Knack deinen Highscore."
"es-419","Qubble – Puzzle de bloques","Puzzle de bloques sin conexión: coloca bloques, limpia líneas, supera tu récord.","Qubble es el puzzle de bloques relajante que no vas a poder soltar. Coloca bloques, limpia líneas y persigue récords: se juega sin conexión, sin registro y sin un solo anuncio obligatorio.

Arrastra las piezas al tablero de 8×8, completa filas y columnas y míralas desaparecer con un pop satisfactorio. Sin cuenta atrás y sin que nadie te quite la partida: solo termina cuando ya no cabe ninguna pieza. Fácil de aprender, difícil de dominar: perfecto para cinco minutos en el autobús y para una larga caza de récords por la noche.

▸ CÓMO SE JUEGA
Tienes tres bloques listos y tú decides dónde van. Las filas y columnas llenas desaparecen. Parece sencillo, pero cada pieza mal colocada encierra un poco más el tablero. Pensar una jugada por delante funciona mejor que apilar. Y cuando falta espacio, puedes girar las piezas.

▸ FIEBRE DE COMBOS
Limpia varias líneas seguidas y el multiplicador de puntos se dispara. El tablero brilla, el sonido crece, el medidor de fiebre se llena… y la siguiente gran explosión cuenta doble. Si encadenas rápido, tienes recompensa; si te tomas tu tiempo, igualmente terminas cada partida.

▸ DESAFÍO DIARIO
Cada día, las mismas piezas en el mismo orden para todos los jugadores del mundo. Mismas condiciones, un intento, un resultado. Juega a diario para construir tu racha; un día perdido se puede reparar una vez.

▸ MODO ROMPECABEZAS
Niveles con solución garantizada: deja el tablero completamente vacío. Cada nivel se genera y un solucionador lo verifica de antemano, así que nunca te quedarás sin niveles. Un contrapunto tranquilo a la caza de récords, para cuando prefieres pensar a correr.

▸ COLECCIONA Y DESBLOQUEA
• 8 temas: Clásico, Pastel, Neón, Océano, Madera, Atardecer, Bosque y Aurora (Aurora está reservado al pack de apoyo)
• 8 skins de bloques, de lo más sencillo al cristal
• Misiones, niveles de jugador, logros y estadísticas detalladas
• Potenciadores para partidas ajustadas: deshacer, cambiar piezas, bomba
• Alcancía: cada línea limpiada la llena; cuando está llena, las monedas son tuyas

▸ CLASIFICACIÓN
Añade un nombre elegido por ti y compárate con otros. No hace falta cuenta ni correo electrónico. Sin nombre juegas de forma totalmente anónima: la clasificación es opcional, siempre.

▸ JUSTO Y SIN MOLESTIAS
Sin anuncios intersticiales. Sin banners. Sin «mira un video para seguir jugando». Qubble nunca interrumpe tu partida, ni una sola vez. Los videos solo se reproducen cuando tú los tocas, por ejemplo para duplicar tus monedas, y siempre dan exactamente lo prometido. Seguir jugando después de perder cuesta monedas que ganas jugando, nunca un video.

▸ SE JUEGA SIN INTERNET
El juego funciona completamente sin conexión: avión, metro, sin cobertura… da igual. Tu progreso se queda en tu dispositivo. Solo la clasificación opcional necesita conexión.

Coloca el primer bloque. Limpia el tablero. Supera tu récord."
"es-ES","Qubble – Puzzle de bloques","Puzzle de bloques sin conexión: coloca bloques, limpia líneas, supera tu récord.","Qubble es el puzzle de bloques relajante que no vas a poder soltar. Coloca bloques, limpia líneas y persigue récords: se juega sin conexión, sin registro y sin un solo anuncio obligatorio.

Arrastra las piezas al tablero de 8×8, completa filas y columnas y míralas desaparecer con un pop satisfactorio. Sin cuenta atrás y sin que nadie te quite la partida: solo termina cuando ya no cabe ninguna pieza. Fácil de aprender, difícil de dominar: perfecto para cinco minutos en el autobús y para una larga caza de récords por la noche.

▸ CÓMO SE JUEGA
Tienes tres bloques listos y tú decides dónde van. Las filas y columnas llenas desaparecen. Parece sencillo, pero cada pieza mal colocada encierra un poco más el tablero. Pensar una jugada por delante funciona mejor que apilar. Y cuando falta espacio, puedes girar las piezas.

▸ FIEBRE DE COMBOS
Limpia varias líneas seguidas y el multiplicador de puntos se dispara. El tablero brilla, el sonido crece, el medidor de fiebre se llena… y la siguiente gran explosión cuenta doble. Si encadenas rápido, tienes recompensa; si te tomas tu tiempo, igualmente terminas cada partida.

▸ DESAFÍO DIARIO
Cada día, las mismas piezas en el mismo orden para todos los jugadores del mundo. Mismas condiciones, un intento, un resultado. Juega a diario para construir tu racha; un día perdido se puede reparar una vez.

▸ MODO ROMPECABEZAS
Niveles con solución garantizada: deja el tablero completamente vacío. Cada nivel se genera y un solucionador lo verifica de antemano, así que nunca te quedarás sin niveles. Un contrapunto tranquilo a la caza de récords, para cuando prefieres pensar a correr.

▸ COLECCIONA Y DESBLOQUEA
• 8 temas: Clásico, Pastel, Neón, Océano, Madera, Atardecer, Bosque y Aurora (Aurora está reservado al pack de apoyo)
• 8 skins de bloques, de lo más sencillo al cristal
• Misiones, niveles de jugador, logros y estadísticas detalladas
• Potenciadores para partidas ajustadas: deshacer, cambiar piezas, bomba
• Alcancía: cada línea limpiada la llena; cuando está llena, las monedas son tuyas

▸ CLASIFICACIÓN
Añade un nombre elegido por ti y compárate con otros. No hace falta cuenta ni correo electrónico. Sin nombre juegas de forma totalmente anónima: la clasificación es opcional, siempre.

▸ JUSTO Y SIN MOLESTIAS
Sin anuncios intersticiales. Sin banners. Sin «mira un video para seguir jugando». Qubble nunca interrumpe tu partida, ni una sola vez. Los videos solo se reproducen cuando tú los tocas, por ejemplo para duplicar tus monedas, y siempre dan exactamente lo prometido. Seguir jugando después de perder cuesta monedas que ganas jugando, nunca un video.

▸ SE JUEGA SIN INTERNET
El juego funciona completamente sin conexión: avión, metro, sin cobertura… da igual. Tu progreso se queda en tu dispositivo. Solo la clasificación opcional necesita conexión.

Coloca el primer bloque. Limpia el tablero. Supera tu récord."
"pt-BR","Qubble: Jogo de Blocos","Jogo de blocos offline: encaixe blocos, limpe linhas e bata seu recorde.","Qubble é o quebra-cabeça de blocos relaxante que você não vai conseguir largar. Encaixe blocos, limpe linhas e bata recordes: dá para jogar offline, sem cadastro e sem nenhum anúncio obrigatório.

Arraste as peças para o tabuleiro 8×8, complete fileiras e colunas e veja tudo sumir com um estalo satisfatório. Sem contagem regressiva e ninguém tira a partida de você: ela só termina quando nenhuma peça cabe mais. Fácil de aprender, difícil de dominar — perfeito para cinco minutos no ônibus e para uma longa caça ao recorde à noite.

▸ COMO SE JOGA
Três blocos estão prontos e você decide onde eles vão. Fileiras e colunas cheias somem. Parece simples, mas cada peça no lugar errado aperta um pouco mais o tabuleiro. Pensar uma jogada à frente vale mais do que empilhar. E quando o espaço aperta, dá para girar as peças.

▸ FEBRE DE COMBOS
Limpe várias linhas em sequência e o multiplicador de pontos dispara. O tabuleiro brilha, o som cresce, o medidor de febre enche — e a próxima grande explosão vale o dobro. Quem encadeia rápido é recompensado; quem joga com calma também termina cada partida.

▸ DESAFIO DIÁRIO
Todo dia, as mesmas peças na mesma ordem para todos os jogadores do mundo. Mesmas condições, uma tentativa, um resultado. Jogue todos os dias para construir sua sequência — e um dia perdido pode ser recuperado uma vez.

▸ MODO QUEBRA-CABEÇA
Níveis com solução garantida: deixe o tabuleiro completamente vazio. Cada nível é gerado e verificado antes por um solucionador, então os níveis nunca acabam. Um contraponto tranquilo à caça ao recorde, para quando você prefere pensar a correr.

▸ COLECIONE E DESBLOQUEIE
• 8 temas: Clássico, Pastel, Neon, Oceano, Madeira, Pôr do sol, Floresta e Aurora (Aurora é exclusivo do Pacote Apoiador)
• 8 skins de blocos, do simples ao cristal
• Missões, níveis de jogador, conquistas e estatísticas detalhadas
• Reforços para partidas apertadas: desfazer, trocar peças, bomba
• Cofrinho: cada linha limpa enche o cofrinho — quando ele está cheio, as moedas são suas

▸ RANKING
Escolha um nome e compare-se com outros jogadores. Não precisa de conta nem de e-mail. Sem nome, você joga de forma totalmente anônima — o ranking é opcional, sempre.

▸ JUSTO E SEM CHATEAÇÃO
Sem anúncios intersticiais. Sem banners. Sem ""assista a um vídeo para continuar jogando"". O Qubble nunca interrompe sua partida — nem uma vez. Os vídeos só rodam quando você mesmo toca neles, por exemplo para dobrar suas moedas, e sempre entregam exatamente o que foi prometido. Continuar depois de perder custa moedas que você ganha jogando — nunca um vídeo.

▸ JOGUE SEM INTERNET
O jogo funciona totalmente offline: avião, metrô, sem sinal — tanto faz. Seu progresso fica no seu aparelho. Só o ranking opcional precisa de conexão.

Coloque o primeiro bloco. Limpe o tabuleiro. Bata seu recorde."
"fr-FR","Qubble – Puzzle de blocs","Puzzle de blocs hors ligne : pose des blocs, efface des lignes, bats ton record.","Qubble est le puzzle de blocs relaxant qu’on ne lâche plus. Pose des blocs, efface des lignes, bats des records : jouable hors ligne, sans inscription et sans aucune publicité imposée.

Fais glisser les pièces sur la grille de 8×8, complète lignes et colonnes et regarde-les disparaître dans un « pop » satisfaisant. Pas de compte à rebours, personne ne t’enlève ta partie : elle ne s’arrête que lorsque plus rien ne rentre. Facile à apprendre, difficile à maîtriser — parfait pour cinq minutes dans le bus comme pour une longue chasse au record le soir.

▸ COMMENT ON JOUE
Trois blocs t’attendent, tu choisis où les poser. Les lignes et colonnes pleines disparaissent. Ça a l’air simple, mais chaque pièce mal placée enferme un peu plus la grille. Anticiper d’un coup vaut mieux qu’empiler. Et quand la place manque, tu peux faire tourner les pièces.

▸ FIÈVRE DES COMBOS
Efface plusieurs lignes coup sur coup et le multiplicateur de points s’envole. La grille s’illumine, le son monte, la jauge de fièvre se remplit — et la prochaine grosse explosion compte double. Enchaîner vite est récompensé ; prendre ton temps te permet quand même de finir chaque partie.

▸ DÉFI DU JOUR
Chaque jour, les mêmes pièces dans le même ordre pour tous les joueurs du monde. Mêmes conditions, un essai, un résultat. Joue chaque jour pour construire ta série — et un jour manqué peut être rattrapé une fois.

▸ MODE PUZZLE
Des niveaux à la solution garantie : vide entièrement la grille. Chaque niveau est généré puis vérifié à l’avance par un solveur, tu n’en manqueras donc jamais. Un contrepoint calme à la chasse au record, pour les moments où tu préfères réfléchir que te presser.

▸ COLLECTIONNE ET DÉBLOQUE
• 8 thèmes : Classique, Pastel, Néon, Océan, Bois, Coucher de soleil, Forêt et Aurora (Aurora est réservé au pack soutien)
• 8 skins de blocs, du plus simple au cristal
• Missions, niveaux de joueur, succès et statistiques détaillées
• Des bonus pour les parties serrées : annuler, échanger les pièces, bombe
• Tirelire : chaque ligne effacée la remplit — une fois pleine, les pièces sont à toi

▸ CLASSEMENT
Choisis un nom et mesure-toi aux autres. Aucun compte ni e-mail requis. Sans nom, tu joues de façon totalement anonyme — le classement reste toujours facultatif.

▸ ÉQUITABLE ET SANS PRESSION
Pas d’interstitiels. Pas de bannières. Pas de « regarde une vidéo pour continuer ». Qubble n’interrompt jamais ta partie — pas une seule fois. Les vidéos ne se lancent que si tu les touches toi-même, par exemple pour doubler tes pièces, et elles donnent toujours exactement ce qui est promis. Continuer après une défaite coûte des pièces gagnées en jouant — jamais une vidéo.

▸ JOUABLE SANS INTERNET
Le jeu fonctionne entièrement hors ligne : avion, métro, zone blanche — peu importe. Ta progression reste sur ton appareil. Seul le classement facultatif nécessite une connexion.

Pose le premier bloc. Vide la grille. Bats ton record."
"it-IT","Qubble: Puzzle a blocchi","Puzzle a blocchi offline: piazza blocchi, elimina linee, batti il tuo record.","Qubble è il puzzle a blocchi rilassante da cui non riuscirai a staccarti. Piazza blocchi, elimina linee, insegui il record: si gioca offline, senza registrazione e senza nemmeno una pubblicità obbligatoria.

Trascina i pezzi sulla griglia 8×8, completa righe e colonne e guardale sparire con un pop soddisfacente. Nessun conto alla rovescia, nessuna partita che ti viene tolta: si finisce solo quando non entra più nulla. Facile da imparare, difficile da padroneggiare — perfetto per cinque minuti in autobus e per una lunga caccia al record la sera.

▸ COME SI GIOCA
Tre blocchi sono pronti e decidi tu dove metterli. Righe e colonne piene spariscono. Sembra semplice, ma ogni pezzo nel posto sbagliato chiude un po’ di più la griglia. Pensare una mossa avanti funziona meglio che ammucchiare. E quando lo spazio scarseggia, puoi ruotare i pezzi.

▸ FEBBRE DA COMBO
Elimina più linee di fila e il moltiplicatore di punti esplode. La griglia si illumina, il suono cresce, l’indicatore della febbre si riempie — e la prossima grande esplosione vale doppio. Chi concatena in fretta viene premiato; chi se la prende comoda finisce comunque ogni partita.

▸ SFIDA DEL GIORNO
Ogni giorno, gli stessi pezzi nello stesso ordine per tutti i giocatori del mondo. Stesse condizioni, un tentativo, un risultato. Gioca ogni giorno per costruire la tua serie — e un giorno perso si può recuperare una volta.

▸ MODALITÀ PUZZLE
Livelli con soluzione garantita: svuota completamente la griglia. Ogni livello viene generato e verificato in anticipo da un risolutore, quindi non resterai mai senza. Un contrappunto tranquillo alla caccia al record, per quando preferisci pensare invece di correre.

▸ COLLEZIONA E SBLOCCA
• 8 temi: Classico, Pastello, Neon, Oceano, Legno, Tramonto, Foresta e Aurora (Aurora è riservato al pacchetto sostenitore)
• 8 skin per i blocchi, dalla più semplice al cristallo
• Missioni, livelli giocatore, obiettivi e statistiche dettagliate
• Potenziamenti per le partite difficili: annulla, cambia pezzi, bomba
• Salvadanaio: ogni linea eliminata lo riempie — quando è pieno, le monete sono tue

▸ CLASSIFICA
Scegli un nome e misurati con gli altri. Non servono account né e-mail. Senza nome giochi in modo completamente anonimo — la classifica è sempre facoltativa.

▸ CORRETTO E SENZA FASTIDI
Niente interstitial. Niente banner. Niente ""guarda un video per continuare a giocare"". Qubble non interrompe mai la tua partita — nemmeno una volta. I video partono solo quando li tocchi tu, per esempio per raddoppiare le monete, e danno sempre esattamente quanto promesso. Continuare dopo una sconfitta costa monete guadagnate giocando — mai un video.

▸ SI GIOCA SENZA INTERNET
Il gioco funziona completamente offline: aereo, metro, zona senza campo — non importa. I tuoi progressi restano sul dispositivo. Solo la classifica facoltativa richiede una connessione.

Piazza il primo blocco. Svuota la griglia. Batti il tuo record."
"tr-TR","Qubble: Blok Bulmaca","Çevrimdışı blok bulmaca: blokları yerleştir, satırları temizle, rekorunu kır.","Qubble, elinden bırakamayacağın rahatlatıcı bir blok bulmaca oyunu. Blokları yerleştir, çizgileri temizle, rekor kovala — çevrimdışı oynanır, kayıt gerektirmez ve tek bir zorunlu reklam bile yoktur.

Blok parçalarını 8×8 tahtaya sürükle, satır ve sütunları doldur ve tatmin edici bir patlamayla kaybolmalarını izle. Geri sayım yok, elinden alınan bir oyun yok: oyun ancak hiçbir parça sığmadığında biter. Öğrenmesi kolay, ustalaşması zor — otobüste beş dakika için de, akşamki uzun rekor avı için de ideal.

▸ NASIL OYNANIR
Üç blok hazır, nereye koyacağına sen karar verirsin. Dolan satır ve sütunlar temizlenir. Basit görünüyor — ama yanlış yere konan her parça tahtayı biraz daha daraltır. Bir hamle önceden düşünmek, üst üste yığmaktan iyidir. Yer daraldığında parçaları döndürebilirsin.

▸ KOMBO ATEŞİ
Art arda birkaç çizgi temizle, puan çarpanı patlasın. Tahta parlar, ses yükselir, ateş göstergesi dolar — ve sıradaki büyük patlama çift sayılır. Hızlı zincir kuran ödüllendirilir; acele etmeyen de her oyunu sonuna kadar oynar.

▸ GÜNLÜK MEYDAN OKUMA
Her gün, dünyadaki tüm oyuncular için aynı sırayla aynı parçalar. Aynı koşullar, tek deneme, tek sonuç. Serini büyütmek için her gün oyna — kaçırılan bir gün bir kez onarılabilir.

▸ BULMACA MODU
Çözümü garanti seviyeler: tahtayı tamamen boşalt. Her seviye önceden üretilir ve bir çözücü tarafından doğrulanır, bu yüzden seviyeler asla bitmez. Rekor avına sakin bir alternatif; acele etmek yerine düşünmek istediğin anlar için.

▸ TOPLA VE AÇ
• 8 tema: Klasik, Pastel, Neon, Okyanus, Ahşap, Gün batımı, Orman ve Aurora (Aurora destekçi paketine özeldir)
• Sadeden kristale 8 blok görünümü
• Görevler, oyuncu seviyeleri, başarımlar ve ayrıntılı istatistikler
• Zor oyunlar için güçlendiriciler: geri al, parçaları değiştir, bomba
• Kumbara: temizlenen her çizgi onu doldurur — dolunca altınlar senin

▸ SIRALAMA
Kendi seçtiğin bir adla başkalarıyla yarış. Hesap ya da e-posta gerekmez. Ad girmeden tamamen anonim oynarsın — sıralama her zaman isteğe bağlıdır.

▸ ADİL VE RAHATSIZ ETMEYEN
Ara reklam yok. Banner yok. ""Oynamaya devam etmek için video izle"" yok. Qubble oyununu asla bölmez — bir kez bile. Videolar yalnızca sen dokunduğunda oynar, örneğin altınlarını ikiye katlamak için, ve her zaman söz verileni tam olarak verir. Oyun bittikten sonra devam etmenin bedeli oynayarak kazandığın altındır — asla bir video değil.

▸ İNTERNETSİZ OYNANIR
Oyunun kendisi tamamen çevrimdışı çalışır: uçak, metro, çekmeyen yerler — fark etmez. İlerlemen cihazında kalır. Yalnızca isteğe bağlı sıralama için bağlantı gerekir.

İlk bloğu yerleştir. Tahtayı temizle. Rekorunu kır."
"id","Qubble: Puzzle Balok","Puzzle balok offline: taruh balok, bersihkan garis, kalahkan skor terbaikmu.","Qubble adalah game puzzle balok santai yang bikin susah berhenti. Taruh balok, bersihkan garis, kejar skor tertinggi — bisa dimainkan offline, tanpa daftar, dan tanpa satu pun iklan paksa.

Seret keping balok ke papan 8×8, penuhi baris dan kolom, lalu lihat semuanya hilang dengan letupan yang memuaskan. Tanpa hitung mundur, tanpa permainan yang direbut darimu: permainan baru berakhir saat tidak ada keping yang muat lagi. Mudah dipelajari, sulit dikuasai — pas untuk lima menit di bus maupun perburuan skor panjang di malam hari.

▸ CARA BERMAIN
Tiga balok sudah siap, kamu yang menentukan letaknya. Baris dan kolom yang penuh akan hilang. Kedengarannya mudah — tapi setiap keping yang salah tempat membuat papan makin sempit. Berpikir satu langkah ke depan lebih baik daripada asal menumpuk. Saat ruang menipis, keping bisa diputar.

▸ KOMBO MEMBARA
Bersihkan beberapa garis berturut-turut dan pengali skor melonjak. Papan menyala, suara makin seru, meteran membara terisi — dan ledakan besar berikutnya bernilai dua kali lipat. Yang merangkai dengan cepat mendapat hadiah; yang bermain santai tetap bisa menyelesaikan setiap permainan.

▸ TANTANGAN HARIAN
Setiap hari, keping yang sama dengan urutan yang sama untuk semua pemain di seluruh dunia. Kondisi sama, satu kesempatan, satu hasil. Main setiap hari untuk membangun runtunanmu — dan satu hari yang terlewat bisa diperbaiki sekali.

▸ MODE TEKA-TEKI
Level yang pasti bisa diselesaikan: kosongkan papan sepenuhnya. Setiap level dibuat lalu diverifikasi lebih dulu oleh pemecah otomatis, jadi levelnya tidak akan pernah habis. Penyeimbang yang tenang untuk perburuan skor, saat kamu lebih ingin berpikir daripada terburu-buru.

▸ KUMPULKAN & BUKA
• 8 tema: Klasik, Pastel, Neon, Samudra, Kayu, Senja, Hutan, dan Aurora (Aurora khusus untuk paket pendukung)
• 8 skin balok, dari yang polos sampai kristal
• Misi, level pemain, pencapaian, dan statistik lengkap
• Booster untuk permainan yang sulit: urungkan, tukar keping, bom
• Celengan: setiap garis yang dibersihkan mengisinya — saat penuh, koinnya milikmu

▸ PAPAN PERINGKAT
Pilih nama sendiri dan bersaing dengan pemain lain. Tidak perlu akun atau email. Tanpa nama, kamu bermain sepenuhnya anonim — papan peringkat selalu opsional.

▸ ADIL DAN TIDAK MENGGANGGU
Tanpa iklan interstisial. Tanpa banner. Tanpa ""tonton video untuk lanjut main"". Qubble tidak pernah menyela permainanmu — sekali pun tidak. Video hanya diputar saat kamu sendiri mengetuknya, misalnya untuk menggandakan koin, dan selalu memberi tepat seperti yang dijanjikan. Melanjutkan setelah kalah memakai koin yang kamu dapat dari bermain — tidak pernah video.

▸ BISA MAIN TANPA INTERNET
Game-nya berjalan sepenuhnya offline: di pesawat, kereta, atau tempat tanpa sinyal — tidak masalah. Progresmu tersimpan di perangkat. Hanya papan peringkat opsional yang butuh koneksi.

Taruh balok pertama. Bersihkan papan. Kalahkan skor terbaikmu."
"vi","Qubble: Xếp Khối Giải Đố","Xếp khối ngoại tuyến: đặt khối, xóa hàng, phá kỷ lục điểm cao của bạn.","Qubble là trò chơi xếp khối thư giãn khiến bạn khó lòng dừng tay. Đặt khối, xóa hàng, săn điểm cao — chơi được khi không có mạng, không cần đăng ký và không có một quảng cáo bắt buộc nào.

Kéo các khối vào lưới 8×8, lấp đầy hàng và cột rồi ngắm chúng biến mất với tiếng nổ thật đã tai. Không đếm ngược, không ai lấy mất ván chơi của bạn: ván chỉ kết thúc khi không còn khối nào vừa. Dễ học, khó thành thạo — hợp cho năm phút trên xe buýt lẫn những lần săn kỷ lục dài buổi tối.

▸ CÁCH CHƠI
Ba khối đã sẵn sàng, bạn quyết định đặt chúng ở đâu. Hàng và cột đầy sẽ được xóa. Nghe thì đơn giản — nhưng mỗi khối đặt sai chỗ lại khiến bàn chơi chật hơn một chút. Nghĩ trước một nước tốt hơn là cứ chồng khối. Khi hết chỗ, bạn có thể xoay khối.

▸ COMBO BÙNG NỔ
Xóa nhiều hàng liên tiếp và hệ số nhân điểm sẽ bùng nổ. Bàn chơi phát sáng, âm thanh dồn dập, thanh bùng nổ đầy dần — và pha nổ lớn tiếp theo được tính gấp đôi. Nối combo nhanh sẽ được thưởng; chơi thong thả vẫn chơi trọn mọi ván.

▸ THỬ THÁCH HẰNG NGÀY
Mỗi ngày, cùng những khối theo cùng một thứ tự cho mọi người chơi trên thế giới. Cùng điều kiện, một lượt chơi, một kết quả. Chơi mỗi ngày để xây chuỗi ngày — và một ngày lỡ có thể được cứu một lần.

▸ CHẾ ĐỘ GIẢI ĐỐ
Màn chơi chắc chắn có lời giải: xóa sạch toàn bộ bàn. Mỗi màn được tạo ra và kiểm tra trước bằng bộ giải, nên bạn sẽ không bao giờ hết màn. Một góc yên tĩnh bên cạnh cuộc săn kỷ lục, cho những lúc bạn muốn suy nghĩ hơn là vội vàng.

▸ SƯU TẦM & MỞ KHÓA
• 8 chủ đề: Cổ điển, Pastel, Neon, Đại dương, Gỗ, Hoàng hôn, Rừng xanh và Aurora (Aurora chỉ có trong gói ủng hộ)
• 8 giao diện khối, từ đơn giản đến pha lê
• Nhiệm vụ, cấp người chơi, thành tích và thống kê chi tiết
• Vật phẩm hỗ trợ cho những ván khó: hoàn tác, đổi khối, bom
• Heo đất: mỗi hàng được xóa sẽ bỏ xu vào heo — khi đầy, xu là của bạn

▸ BẢNG XẾP HẠNG
Tự chọn một cái tên và so tài với người khác. Không cần tài khoản hay email. Không đặt tên thì bạn chơi hoàn toàn ẩn danh — bảng xếp hạng luôn là tùy chọn.

▸ CÔNG BẰNG, KHÔNG PHIỀN
Không quảng cáo xen kẽ. Không banner. Không có chuyện “xem video để chơi tiếp”. Qubble không bao giờ ngắt ván chơi của bạn — dù chỉ một lần. Video chỉ chạy khi chính bạn chạm vào, ví dụ để nhân đôi xu, và luôn trao đúng phần thưởng đã hứa. Chơi tiếp sau khi thua tốn xu bạn kiếm được khi chơi — không bao giờ là video.

▸ CHƠI KHÔNG CẦN MẠNG
Bản thân trò chơi chạy hoàn toàn ngoại tuyến: trên máy bay, tàu điện ngầm, nơi mất sóng — đều được. Tiến trình của bạn nằm trên thiết bị. Chỉ bảng xếp hạng tùy chọn mới cần kết nối.

Đặt khối đầu tiên. Dọn sạch bàn. Phá kỷ lục của bạn."
"pl-PL","Qubble – Puzzle z klocków","Puzzle z klocków offline: układaj klocki, czyść linie, pobijaj swój rekord.","Qubble to relaksujące puzzle z klocków, od których trudno się oderwać. Układaj klocki, czyść linie, bij rekordy — gra działa offline, bez rejestracji i bez ani jednej wymuszonej reklamy.

Przeciągaj klocki na planszę 8×8, wypełniaj rzędy i kolumny i patrz, jak znikają z satysfakcjonującym trzaskiem. Bez odliczania i bez odbierania ci gry: kończy się dopiero wtedy, gdy nic już się nie mieści. Łatwo się nauczyć, trudno opanować — idealne na pięć minut w autobusie i na długie polowanie na rekord wieczorem.

▸ JAK SIĘ GRA
Trzy klocki czekają, a ty decydujesz, gdzie trafią. Pełne rzędy i kolumny znikają. Brzmi prosto — ale każdy źle położony klocek trochę bardziej zamyka planszę. Myślenie ruch do przodu wygrywa z układaniem na oślep. A gdy robi się ciasno, klocki można obracać.

▸ GORĄCZKA COMBO
Czyść kilka linii jedna po drugiej, a mnożnik punktów wystrzeli. Plansza świeci, dźwięk narasta, pasek gorączki się napełnia — a następny wielki wybuch liczy się podwójnie. Szybkie łączenie jest nagradzane; spokojna gra i tak pozwala dokończyć każdą rozgrywkę.

▸ WYZWANIE DNIA
Codziennie te same klocki w tej samej kolejności dla wszystkich graczy na świecie. Te same warunki, jedna próba, jeden wynik. Graj codziennie, aby budować serię — a jeden opuszczony dzień można raz naprawić.

▸ TRYB ŁAMIGŁÓWEK
Poziomy z gwarantowanym rozwiązaniem: wyczyść całą planszę. Każdy poziom jest generowany i wcześniej sprawdzany przez solver, więc poziomów nigdy nie zabraknie. Spokojna odskocznia od pogoni za rekordem, na chwile, gdy wolisz pomyśleć niż się spieszyć.

▸ ZBIERAJ I ODBLOKOWUJ
• 8 motywów: Klasyczny, Pastelowy, Neon, Ocean, Drewno, Zachód słońca, Las i Aurora (Aurora jest zarezerwowana dla pakietu wsparcia)
• 8 skórek klocków, od prostych po kryształ
• Misje, poziomy gracza, osiągnięcia i szczegółowe statystyki
• Wzmocnienia na trudne chwile: cofnij, wymień klocki, bomba
• Skarbonka: każda wyczyszczona linia ją napełnia — gdy jest pełna, monety są twoje

▸ RANKING
Wybierz własną nazwę i zmierz się z innymi. Bez konta i bez e-maila. Bez nazwy grasz całkowicie anonimowo — ranking jest zawsze dobrowolny.

▸ UCZCIWIE I BEZ NĘKANIA
Żadnych reklam pełnoekranowych. Żadnych banerów. Żadnego „obejrzyj wideo, aby grać dalej”. Qubble nigdy nie przerywa twojej gry — ani razu. Filmiki włączają się tylko wtedy, gdy ich dotkniesz, na przykład aby podwoić monety, i zawsze dają dokładnie to, co obiecały. Dalsza gra po przegranej kosztuje monety zdobyte w grze — nigdy wideo.

▸ GRA BEZ INTERNETU
Sama gra działa całkowicie offline: samolot, metro, brak zasięgu — bez znaczenia. Twój postęp zostaje na urządzeniu. Połączenia potrzebuje tylko dobrowolny ranking.

Połóż pierwszy klocek. Wyczyść planszę. Pobij swój rekord."
"nl-NL","Qubble: Blokpuzzel","Offline blokpuzzel: plaats blokken, speel lijnen weg, verbeter je record.","Qubble is de ontspannende blokpuzzel die je niet meer wegzet. Plaats blokken, speel lijnen weg, jaag op records — speelbaar zonder internet, zonder account en zonder één enkele verplichte advertentie.

Sleep blokvormen naar het 8×8-raster, vul rijen en kolommen en zie ze met een heerlijke plop verdwijnen. Geen aftellen, niemand die je potje afpakt: het is pas voorbij als er niets meer past. Makkelijk te leren, moeilijk te beheersen — perfect voor vijf minuten in de bus en voor een lange recordjacht 's avonds.

▸ ZO SPEEL JE
Drie blokken liggen klaar, jij bepaalt waar ze komen. Volle rijen en kolommen verdwijnen. Klinkt simpel — maar elk blok op de verkeerde plek zet het raster wat verder klem. Een zet vooruitdenken wint van stapelen. En als het krap wordt, kun je blokken draaien.

▸ COMBOKOORTS
Speel meerdere lijnen kort na elkaar weg en de puntenvermenigvuldiger schiet omhoog. Het bord gloeit, het geluid zwelt aan, de koortsmeter vult zich — en de volgende grote klapper telt dubbel. Wie snel rijgt, wordt beloond; wie rustig speelt, maakt toch elk potje af.

▸ DAGELIJKSE UITDAGING
Elke dag dezelfde blokken in dezelfde volgorde voor alle spelers wereldwijd. Dezelfde omstandigheden, één poging, één uitslag. Speel elke dag om je reeks op te bouwen — en een gemiste dag kun je één keer herstellen.

▸ PUZZELMODUS
Levels die gegarandeerd oplosbaar zijn: maak het bord helemaal leeg. Elk level wordt gegenereerd en vooraf door een solver gecontroleerd, dus je raakt nooit uitgespeeld. Een rustig tegenwicht voor de recordjacht, voor als je liever nadenkt dan haast maakt.

▸ VERZAMELEN EN VRIJSPELEN
• 8 thema's: Klassiek, Pastel, Neon, Oceaan, Hout, Zonsondergang, Bos en Aurora (Aurora is voorbehouden aan het supporterpakket)
• 8 blokskins, van eenvoudig tot kristal
• Missies, spelerslevels, prestaties en uitgebreide statistieken
• Boosters voor krappe potjes: terug, blokken wisselen, bom
• Spaarvarken: elke weggespeelde lijn vult het — als het vol is, zijn de munten van jou

▸ KLASSEMENT
Kies zelf een naam en meet je met anderen. Geen account en geen e-mail nodig. Zonder naam speel je volledig anoniem — het klassement is altijd vrijwillig.

▸ EERLIJK EN ZONDER GEZEUR
Geen tussenadvertenties. Geen banners. Geen „kijk een video om verder te spelen”. Qubble onderbreekt je spel nooit — geen enkele keer. Video's spelen alleen als je er zelf op tikt, bijvoorbeeld om je munten te verdubbelen, en ze geven altijd precies wat beloofd is. Verder spelen na game over kost munten die je met spelen verdient — nooit een video.

▸ SPEELBAAR ZONDER INTERNET
Het spel zelf werkt volledig offline: vliegtuig, metro, geen bereik — maakt niet uit. Je voortgang blijft op je apparaat. Alleen het vrijwillige klassement heeft een verbinding nodig.

Plaats het eerste blok. Maak het raster leeg. Verbeter je record."
"ja-JP","Qubble: ブロックパズル","オフラインで遊べるブロックパズル。ブロックを置いてラインを消し、ハイスコアを更新しよう。","Qubbleは、ついつい手が止まらなくなる癒やし系ブロックパズルです。ブロックを置いて、ラインを消して、ハイスコアを目指そう。オフラインで遊べて、登録も不要。強制広告は一切ありません。

ブロックを8×8のマスにドラッグして、横や縦の列をそろえると、気持ちのいい音とともに消えます。カウントダウンはなく、途中で打ち切られることもありません。置ける場所がなくなるまでゲームは続きます。ルールは簡単、でも奥が深い。バスでの5分にも、夜にじっくりハイスコアを狙うときにもぴったりです。

▸ 遊び方
3つのブロックがそろったら、どこに置くかはあなた次第。横と縦の列がそろうと消えます。シンプルに見えて、置き場所を間違えるたびに盤面は少しずつ窮屈になります。ただ積むより、一手先を読むのがコツ。スペースが足りないときは、ブロックを回転できます。

▸ コンボとフィーバー
続けてラインを消すと、得点の倍率がぐんぐん上がります。盤面が光り、サウンドが盛り上がり、フィーバーメーターがたまると、次の大きな消去は得点2倍。素早くつなげばボーナス、じっくり考えても最後まで遊べます。

▸ デイリーチャレンジ
毎日、世界中のすべてのプレイヤーに同じブロックが同じ順番で出てきます。同じ条件で、挑戦は1回、結果も1つ。毎日プレイして連続記録を伸ばそう。1日逃しても、1回だけ修復できます。

▸ パズルモード
必ず解けるステージで、盤面をすべて消そう。どのステージもソルバーで事前に生成・検証されているので、ステージが尽きることはありません。ハイスコア狙いとはひと味違う、急ぐより考えたいときのための落ち着いたモードです。

▸ 集めて、解放しよう
• 8つのテーマ：クラシック、パステル、ネオン、オーシャン、ウッド、サンセット、フォレスト、オーロラ（オーロラはサポーターパック限定）
• シンプルなものからクリスタルまで、8種類のブロックスキン
• ミッション、プレイヤーレベル、実績、詳しい統計
• ピンチのときのブースター：戻す、交換、ボム
• 貯金箱：ラインを消すたびにコインがたまり、いっぱいになったらあなたのもの

▸ ランキング
自分で決めた名前を登録して、ほかのプレイヤーと競い合おう。アカウントもメールアドレスも不要です。名前を登録しなければ、完全に匿名でプレイできます。ランキングへの参加は、いつでも任意です。

▸ 公平で、邪魔しない
インタースティシャル広告なし。バナー広告なし。「動画を見て続ける」もなし。Qubbleがあなたのゲームを中断することは、一度もありません。動画が流れるのは、コインを2倍にしたいときなど、自分でタップしたときだけ。約束した報酬は必ずもらえます。ゲームオーバー後に続けるには、プレイで貯めたコインを使います。動画は必要ありません。

▸ ネット接続なしで遊べる
ゲーム自体は完全にオフラインで動きます。飛行機でも、地下鉄でも、電波の届かない場所でも大丈夫。進行状況は端末に保存されます。インターネット接続が必要なのは、任意のランキングだけです。

最初のブロックを置いて、盤面を消して、ハイスコアを更新しよう。"
"ko-KR","Qubble: 블록 퍼즐","오프라인 블록 퍼즐: 블록을 놓고 줄을 지워 최고 점수를 경신하세요.","Qubble은 한번 시작하면 멈추기 어려운 편안한 블록 퍼즐이에요. 블록을 놓고, 줄을 지우고, 최고 점수에 도전하세요. 오프라인으로 즐길 수 있고, 가입이 필요 없으며, 강제 광고는 단 하나도 없어요.

블록을 8×8 판에 끌어다 놓고 가로줄과 세로줄을 채우면 시원한 소리와 함께 사라져요. 카운트다운도 없고, 게임을 빼앗기는 일도 없어요. 더 이상 놓을 곳이 없을 때만 게임이 끝나요. 배우기는 쉽고 마스터하기는 어려워요. 버스에서 보내는 5분에도, 밤에 오래 즐기는 최고 점수 도전에도 딱이에요.

▸ 플레이 방법
블록 세 개가 준비되면 어디에 놓을지는 당신이 정해요. 가득 찬 가로줄과 세로줄은 지워져요. 간단해 보이지만, 잘못 놓은 블록 하나하나가 판을 조금씩 좁게 만들어요. 그냥 쌓기보다 한 수 앞을 내다보는 게 좋아요. 공간이 부족할 때는 블록을 회전할 수 있어요.

▸ 콤보와 피버
연달아 줄을 지우면 점수 배율이 쑥쑥 올라가요. 판이 빛나고, 소리가 고조되고, 피버 게이지가 차면 다음 대량 제거는 점수가 2배예요. 빠르게 이어 가면 보상을 받고, 천천히 해도 모든 게임을 끝까지 즐길 수 있어요.

▸ 일일 챌린지
매일 전 세계 모든 플레이어에게 같은 블록이 같은 순서로 나와요. 같은 조건, 한 번의 도전, 하나의 결과. 매일 플레이해서 연속 기록을 쌓으세요. 하루를 놓쳐도 한 번은 복구할 수 있어요.

▸ 퍼즐 모드
반드시 풀 수 있는 스테이지에서 판을 완전히 비워 보세요. 모든 스테이지는 솔버가 미리 생성하고 검증하기 때문에 스테이지가 바닥날 일이 없어요. 최고 점수 경쟁과는 다른, 서두르기보다 생각하고 싶을 때를 위한 차분한 모드예요.

▸ 모으고 잠금 해제하기
• 8가지 테마: 클래식, 파스텔, 네온, 오션, 우드, 선셋, 포레스트, 오로라 (오로라는 서포터 팩 전용)
• 심플한 것부터 크리스털까지 8가지 블록 스킨
• 미션, 플레이어 레벨, 업적, 자세한 통계
• 어려운 순간을 위한 부스터: 되돌리기, 교체, 폭탄
• 돼지 저금통: 줄을 지울 때마다 코인이 모이고, 가득 차면 코인은 당신 것

▸ 순위표
직접 정한 이름으로 다른 플레이어와 겨뤄 보세요. 계정도 이메일도 필요 없어요. 이름을 등록하지 않으면 완전히 익명으로 플레이해요. 순위표 참여는 언제나 선택이에요.

▸ 공정하고 귀찮지 않게
전면 광고 없음. 배너 광고 없음. ""계속하려면 동영상을 보세요""도 없음. Qubble은 단 한 번도 게임을 방해하지 않아요. 동영상은 코인을 2배로 받고 싶을 때처럼 직접 탭할 때만 재생되고, 약속한 보상은 언제나 그대로 지급돼요. 게임 오버 후 이어서 하려면 플레이로 모은 코인을 써요. 동영상은 절대 필요 없어요.

▸ 인터넷 없이 플레이
게임 자체는 완전히 오프라인으로 작동해요. 비행기에서도, 지하철에서도, 전파가 안 터지는 곳에서도 괜찮아요. 진행 상황은 기기에 저장돼요. 인터넷 연결이 필요한 건 선택 사항인 순위표뿐이에요.

첫 블록을 놓으세요. 판을 비우세요. 최고 점수를 경신하세요."
"th","Qubble: เกมต่อบล็อก","เกมต่อบล็อกแบบออฟไลน์: วางบล็อก เคลียร์แถว ทำลายสถิติคะแนนสูงสุดของคุณ","Qubble คือเกมต่อบล็อกสบาย ๆ ที่เล่นแล้ววางไม่ลง วางบล็อก เคลียร์แถว ไล่ล่าคะแนนสูงสุด — เล่นแบบออฟไลน์ได้ ไม่ต้องสมัคร และไม่มีโฆษณาบังคับแม้แต่ตัวเดียว

ลากบล็อกรูปทรงต่าง ๆ ลงบนกระดาน 8×8 เติมแถวและคอลัมน์ให้เต็ม แล้วดูมันหายไปพร้อมเสียงป๊อปที่แสนสะใจ ไม่มีการนับถอยหลัง ไม่มีใครมาตัดเกมของคุณ เกมจะจบก็ต่อเมื่อไม่มีบล็อกไหนวางได้อีกแล้ว เล่นง่ายแต่เก่งยาก — เหมาะทั้งกับห้านาทีบนรถเมล์และการไล่ทำสถิติยาว ๆ ตอนกลางคืน

▸ วิธีเล่น
บล็อกสามชิ้นพร้อมแล้ว คุณเป็นคนตัดสินใจว่าจะวางตรงไหน แถวและคอลัมน์ที่เต็มจะถูกเคลียร์ ฟังดูง่าย — แต่ทุกชิ้นที่วางผิดที่จะทำให้กระดานแคบลงทีละนิด คิดล่วงหน้าหนึ่งตาดีกว่าวางซ้อนไปเรื่อย ๆ เมื่อที่เริ่มคับแคบ คุณหมุนบล็อกได้

▸ คอมโบฟีเวอร์
เคลียร์หลายแถวติดต่อกันแล้วตัวคูณคะแนนจะพุ่งทะยาน กระดานเรืองแสง เสียงเร้าใจขึ้น มาตรวัดฟีเวอร์เต็มขึ้น — และการเคลียร์ครั้งใหญ่ครั้งถัดไปจะได้คะแนนสองเท่า ต่อคอมโบเร็วแล้วได้รางวัล หรือจะค่อย ๆ คิดก็ยังเล่นจนจบทุกเกมได้

▸ ความท้าทายรายวัน
ทุกวัน ผู้เล่นทุกคนทั่วโลกจะได้บล็อกชุดเดียวกันในลำดับเดียวกัน เงื่อนไขเดียวกัน เล่นหนึ่งครั้ง ได้หนึ่งผลลัพธ์ เล่นทุกวันเพื่อสะสมวันต่อเนื่อง — และถ้าพลาดไปหนึ่งวัน ก็กู้คืนได้หนึ่งครั้ง

▸ โหมดปริศนา
ด่านที่รับประกันว่าไขได้: เคลียร์กระดานให้ว่างทั้งหมด ทุกด่านถูกสร้างและตรวจสอบล่วงหน้าด้วยตัวแก้โจทย์ ด่านจึงไม่มีวันหมด เป็นอีกมุมที่สงบกว่าการไล่ล่าคะแนนสูงสุด สำหรับตอนที่อยากคิดมากกว่ารีบ

▸ สะสมและปลดล็อก
• 8 ธีม: คลาสสิก พาสเทล นีออน มหาสมุทร ไม้ พระอาทิตย์ตก ป่าไม้ และออโรร่า (ออโรร่ามีเฉพาะในแพ็กผู้สนับสนุน)
• สกินบล็อก 8 แบบ ตั้งแต่เรียบง่ายไปจนถึงคริสตัล
• ภารกิจ เลเวลผู้เล่น ความสำเร็จ และสถิติโดยละเอียด
• ตัวช่วยสำหรับเกมที่คับขัน: ย้อนกลับ สลับบล็อก ระเบิด
• กระปุกออมสิน: ทุกแถวที่เคลียร์จะเติมกระปุก — เมื่อเต็มแล้ว เหรียญเป็นของคุณ

▸ กระดานผู้นำ
ใส่ชื่อที่คุณตั้งเองแล้วแข่งขันกับผู้อื่น ไม่ต้องมีบัญชีหรืออีเมล ถ้าไม่ใส่ชื่อ คุณจะเล่นแบบไม่ระบุตัวตนโดยสมบูรณ์ — กระดานผู้นำเป็นทางเลือกเสมอ

▸ ยุติธรรม ไม่กวนใจ
ไม่มีโฆษณาคั่น ไม่มีแบนเนอร์ ไม่มี ""ดูวิดีโอเพื่อเล่นต่อ"" Qubble ไม่เคยขัดจังหวะเกมของคุณ — แม้แต่ครั้งเดียว วิดีโอจะเล่นก็ต่อเมื่อคุณแตะเองเท่านั้น เช่น เพื่อรับเหรียญสองเท่า และจะให้รางวัลตามที่สัญญาไว้เสมอ การเล่นต่อหลังจบเกมใช้เหรียญที่คุณได้จากการเล่น — ไม่ใช่วิดีโอ

▸ เล่นได้โดยไม่ต้องใช้อินเทอร์เน็ต
ตัวเกมทำงานแบบออฟไลน์ได้ทั้งหมด: บนเครื่องบิน รถไฟฟ้า หรือที่ไม่มีสัญญาณ — ก็เล่นได้ ความคืบหน้าของคุณอยู่ในอุปกรณ์ของคุณ มีเพียงกระดานผู้นำซึ่งเป็นทางเลือกเท่านั้นที่ต้องเชื่อมต่อ

วางบล็อกแรก เคลียร์กระดาน ทำลายสถิติของคุณ"
"zh-TW","Qubble：方塊拼圖","離線也能玩的方塊拼圖：放置方塊、消除線條，挑戰你的最高分。","Qubble 是一款讓人放不下的療癒方塊拼圖。放置方塊、消除線條、挑戰最高分 — 離線也能玩、不必註冊，而且沒有任何強制廣告。

把各種形狀的方塊拖到 8×8 棋盤上，填滿橫列或直行，看著它們伴隨爽快的音效消失。沒有倒數計時，也不會有人中途打斷你：只有在所有方塊都放不下時，這局才會結束。上手容易、精通不易 — 無論是公車上的五分鐘，還是深夜的長時間衝分，都很適合。

▸ 玩法
三個方塊已經準備好，放在哪裡由你決定。填滿的橫列和直行會被消除。聽起來很簡單 — 但每個放錯位置的方塊，都會讓棋盤變得更擁擠一點。多想一步，比一味堆疊更有用。空間吃緊時，還可以旋轉方塊。

▸ 連擊狂熱
連續快速消除多條線，得分倍率就會飆升。棋盤發光、音效層層堆疊、狂熱量表逐漸填滿 — 下一次大消除得分加倍。快速串連會有獎勵；慢慢思考也一樣能玩完每一局。

▸ 每日挑戰
每天，全世界所有玩家都會拿到順序相同的同一組方塊。相同條件、一次機會、一個結果。每天遊玩累積連續天數 — 錯過一天也能修復一次。

▸ 解謎模式
保證有解的關卡：把棋盤完全清空。每一關都事先由解題程式產生並驗證，所以關卡永遠玩不完。這是有別於衝高分的另一種節奏，適合想動腦而不想趕時間的時候。

▸ 收集與解鎖
• 8 種主題：經典、粉彩、霓虹、海洋、木紋、夕陽、森林和極光（極光為支持者禮包專屬）
• 8 種方塊造型，從簡約到水晶
• 任務、玩家等級、成就和詳細統計
• 危急時刻的道具：復原、交換、炸彈
• 小豬撲滿：每消除一條線都會存入金幣 — 存滿後，金幣就是你的

▸ 排行榜
取一個自己喜歡的名稱，和其他玩家一較高下。不需要帳號，也不需要電子郵件。不取名稱的話，你就能完全匿名遊玩 — 排行榜永遠是選擇性的。

▸ 公平，不打擾
沒有插頁廣告。沒有橫幅廣告。沒有「看影片才能繼續玩」。Qubble 從不打斷你的遊戲 — 一次也不會。只有你自己點選時才會播放影片，例如讓金幣加倍，而且一定會給你承諾的獎勵。遊戲結束後想繼續，花的是你玩遊戲賺到的金幣 — 絕不需要看影片。

▸ 沒有網路也能玩
遊戲本身完全離線運作：飛機上、捷運裡、收訊死角 — 都沒問題。你的進度保存在你的裝置上。只有選擇性的排行榜需要連線。

放下第一個方塊。清空棋盤。打破你的最高分。"
"zh-HK","Qubble：方塊拼圖","離線也能玩的方塊拼圖：放置方塊、消除線條，挑戰你的最高分。","Qubble 是一款讓人放不下的療癒方塊拼圖。放置方塊、消除線條、挑戰最高分 — 離線也能玩、不必註冊，而且沒有任何強制廣告。

把各種形狀的方塊拖到 8×8 棋盤上，填滿橫列或直行，看著它們伴隨爽快的音效消失。沒有倒數計時，也不會有人中途打斷你：只有在所有方塊都放不下時，這局才會結束。上手容易、精通不易 — 無論是公車上的五分鐘，還是深夜的長時間衝分，都很適合。

▸ 玩法
三個方塊已經準備好，放在哪裡由你決定。填滿的橫列和直行會被消除。聽起來很簡單 — 但每個放錯位置的方塊，都會讓棋盤變得更擁擠一點。多想一步，比一味堆疊更有用。空間吃緊時，還可以旋轉方塊。

▸ 連擊狂熱
連續快速消除多條線，得分倍率就會飆升。棋盤發光、音效層層堆疊、狂熱量表逐漸填滿 — 下一次大消除得分加倍。快速串連會有獎勵；慢慢思考也一樣能玩完每一局。

▸ 每日挑戰
每天，全世界所有玩家都會拿到順序相同的同一組方塊。相同條件、一次機會、一個結果。每天遊玩累積連續天數 — 錯過一天也能修復一次。

▸ 解謎模式
保證有解的關卡：把棋盤完全清空。每一關都事先由解題程式產生並驗證，所以關卡永遠玩不完。這是有別於衝高分的另一種節奏，適合想動腦而不想趕時間的時候。

▸ 收集與解鎖
• 8 種主題：經典、粉彩、霓虹、海洋、木紋、夕陽、森林和極光（極光為支持者禮包專屬）
• 8 種方塊造型，從簡約到水晶
• 任務、玩家等級、成就和詳細統計
• 危急時刻的道具：復原、交換、炸彈
• 小豬撲滿：每消除一條線都會存入金幣 — 存滿後，金幣就是你的

▸ 排行榜
取一個自己喜歡的名稱，和其他玩家一較高下。不需要帳號，也不需要電子郵件。不取名稱的話，你就能完全匿名遊玩 — 排行榜永遠是選擇性的。

▸ 公平，不打擾
沒有插頁廣告。沒有橫幅廣告。沒有「看影片才能繼續玩」。Qubble 從不打斷你的遊戲 — 一次也不會。只有你自己點選時才會播放影片，例如讓金幣加倍，而且一定會給你承諾的獎勵。遊戲結束後想繼續，花的是你玩遊戲賺到的金幣 — 絕不需要看影片。

▸ 沒有網路也能玩
遊戲本身完全離線運作：飛機上、捷運裡、收訊死角 — 都沒問題。你的進度保存在你的裝置上。只有選擇性的排行榜需要連線。

放下第一個方塊。清空棋盤。打破你的最高分。"
"zh-CN","Qubble：方块拼图","离线也能玩的方块拼图：放置方块、消除线条，挑战你的最高分。","Qubble 是一款让人停不下来的解压方块拼图。放置方块、消除线条、挑战最高分 — 离线也能玩、无需注册，而且没有任何强制广告。

把各种形状的方块拖到 8×8 棋盘上，填满整行或整列，看着它们伴随爽快的音效消失。没有倒计时，也不会有人中途打断你：只有在所有方块都放不下时，这局才会结束。上手容易、精通不易 — 无论是公交车上的五分钟，还是深夜的长时间冲分，都很合适。

▸ 玩法
三个方块已经准备好，放在哪里由你决定。填满的行和列会被消除。听起来很简单 — 但每个放错位置的方块，都会让棋盘变得更拥挤一点。多想一步，比一味堆叠更有用。空间紧张时，还可以旋转方块。

▸ 连击狂热
连续快速消除多条线，得分倍率就会飙升。棋盘发光、音效层层叠加、狂热槽逐渐填满 — 下一次大消除得分加倍。快速连击会有奖励；慢慢思考也一样能玩完每一局。

▸ 每日挑战
每天，全世界所有玩家都会拿到顺序相同的同一组方块。相同条件、一次机会、一个结果。每天游玩累积连续天数 — 错过一天也能修复一次。

▸ 解谜模式
保证有解的关卡：把棋盘完全清空。每一关都事先由求解程序生成并验证，所以关卡永远玩不完。这是有别于冲高分的另一种节奏，适合想动脑而不想赶时间的时候。

▸ 收集与解锁
• 8 种主题：经典、粉彩、霓虹、海洋、木纹、夕阳、森林和极光（极光为支持者礼包专属）
• 8 种方块造型，从简约到水晶
• 任务、玩家等级、成就和详细统计
• 危急时刻的道具：撤销、交换、炸弹
• 存钱罐：每消除一条线都会存入金币 — 存满后，金币就是你的

▸ 排行榜
取一个自己喜欢的名称，和其他玩家一较高下。不需要账号，也不需要电子邮箱。不取名称的话，你就能完全匿名游玩 — 排行榜永远是可选的。

▸ 公平，不打扰
没有插屏广告。没有横幅广告。没有“看视频才能继续玩”。Qubble 从不打断你的游戏 — 一次也不会。只有你自己点击时才会播放视频，例如让金币加倍，而且一定会给你承诺的奖励。游戏结束后想继续，花的是你玩游戏赚到的金币 — 绝不需要看视频。

▸ 没有网络也能玩
游戏本身完全离线运行：飞机上、地铁里、没信号的地方 — 都没问题。你的进度保存在你的设备上。只有可选的排行榜需要联网。

放下第一个方块。清空棋盘。打破你的最高分。"
"ar","Qubble: لغز المكعبات","لغز مكعبات يعمل دون إنترنت: ضع القطع، امسح الصفوف، وحطّم أفضل نتيجة لك.","Qubble لعبة ألغاز مكعبات مريحة يصعب تركها. ضع المكعبات، وامسح الصفوف، وطارد أعلى النتائج — تعمل دون إنترنت، بلا تسجيل، ومن دون أي إعلان إجباري.

اسحب أشكال المكعبات إلى لوحة 8×8، واملأ الصفوف والأعمدة، وشاهدها تختفي مع صوت فرقعة ممتع. لا عدّ تنازلي، ولا أحد يسلبك جولتك: تنتهي الجولة فقط عندما لا تتسع أي قطعة. سهلة التعلم وصعبة الإتقان — مثالية لخمس دقائق في الحافلة ولجولة طويلة لتحطيم الأرقام في المساء.

▸ طريقة اللعب
ثلاث قطع جاهزة، وأنت تقرر أين تضعها. تُمسح الصفوف والأعمدة الممتلئة. يبدو ذلك بسيطًا — لكن كل قطعة في مكان خاطئ تضيّق اللوحة أكثر قليلًا. التفكير بحركة إلى الأمام أفضل من التكديس. ويمكنك تدوير القطع عندما تضيق المساحة.

▸ حُمّى الكومبو
امسح عدة خطوط متتالية بسرعة وسيقفز مضاعف النقاط. تتوهج اللوحة، ويتصاعد الصوت، ويمتلئ عداد الحُمّى — وتُحسب ضربتك الكبيرة التالية مضاعفة. السرعة تُكافأ، والتأني لا يمنعك من إكمال أي جولة.

▸ التحدي اليومي
القطع نفسها وبالترتيب نفسه لكل اللاعبين حول العالم، كل يوم. الظروف نفسها، جولة واحدة، نتيجة واحدة. العب يوميًا لتبني سلسلة أيامك — ويمكن إصلاح يوم فائت مرة واحدة.

▸ وضع الألغاز
مستويات قابلة للحل بضمان: أفرغ اللوحة بالكامل. يُنشأ كل مستوى ويُتحقق منه مسبقًا ببرنامج حل، لذلك لن تنفد المستويات أبدًا. إيقاع أهدأ بعيدًا عن مطاردة النتائج، للأوقات التي تفضّل فيها التفكير على الاستعجال.

▸ اجمع وافتح
• 8 سمات: كلاسيكي، باستيل، نيون، المحيط، الخشب، الغروب، الغابة، والشفق (الشفق حصري لحزمة الداعم)
• 8 مظاهر للمكعبات، من البسيط إلى الكريستال
• مهام، ومستويات للاعب، وإنجازات، وإحصاءات مفصلة
• مساعدات للجولات الصعبة: تراجع، وتبديل، وقنبلة
• الحصالة: كل صف تمسحه يملؤها — وعندما تمتلئ، تصبح العملات لك

▸ لوحة المتصدرين
أضف اسمًا تختاره بنفسك وتنافس مع الآخرين. لا حاجة إلى حساب أو بريد إلكتروني. ومن دون اسم تلعب بهوية مجهولة تمامًا — لوحة المتصدرين اختيارية دائمًا.

▸ عادلة وبلا إزعاج
بلا إعلانات بينية. بلا لافتات. بلا ""شاهد فيديو لتواصل اللعب"". لا يقاطع Qubble لعبتك أبدًا — ولا مرة واحدة. لا تُعرض مقاطع الفيديو إلا عندما تضغط عليها بنفسك، مثلًا لمضاعفة عملاتك، وهي تمنحك دائمًا المكافأة الموعودة بالضبط. متابعة اللعب بعد نهاية الجولة تكلّف عملات تكسبها من اللعب — لا فيديو أبدًا.

▸ تعمل دون إنترنت
اللعبة نفسها تعمل بالكامل دون اتصال: في الطائرة، أو المترو، أو في منطقة بلا تغطية — لا فرق. يبقى تقدمك على جهازك. لوحة المتصدرين الاختيارية وحدها تحتاج إلى اتصال.

ضع القطعة الأولى. أفرغ اللوحة. حطّم أفضل نتيجة لك."
"uk","Qubble: блок-пазл головоломка","Офлайн блок-пазл: став блоки, очищай лінії, бий свій рекорд.","Qubble — розслаблива головоломка з блоками, від якої важко відірватися. Став блоки, очищай лінії, женися за рекордами — гра працює офлайн, без реєстрації й без жодної примусової реклами.

Перетягуй фігури на поле 8×8, заповнюй ряди та стовпці й дивись, як вони зникають із приємним звуком. Жодного зворотного відліку, ніхто не забере в тебе гру: вона закінчується лише тоді, коли жодна фігура більше не вміщується. Легко навчитися, складно стати майстром — ідеально для п’яти хвилин в автобусі й для довгої вечірньої гонитви за рекордом.

▸ ЯК ГРАТИ
Три фігури готові, а куди їх поставити — вирішуєш ти. Заповнені ряди й стовпці очищаються. Звучить просто — але кожна фігура не на своєму місці трохи більше затісняє поле. Думати на хід уперед краще, ніж просто складати. Коли стає тісно, фігури можна повертати.

▸ КОМБО-ЗАПАЛ
Очисти кілька ліній поспіль — і множник очок злетить. Поле світиться, звук наростає, шкала запалу наповнюється — і наступне велике очищення рахується вдвічі. За швидкі комбо — винагорода; а якщо не поспішати, все одно можна дограти кожну гру.

▸ ЩОДЕННИЙ ВИКЛИК
Щодня ті самі фігури в тому самому порядку для всіх гравців світу. Однакові умови, одна спроба, один результат. Грай щодня, щоб будувати серію — а один пропущений день можна один раз відновити.

▸ РЕЖИМ ГОЛОВОЛОМОК
Рівні, які гарантовано мають розв’язок: очисти поле повністю. Кожен рівень заздалегідь створює й перевіряє розв’язувач, тож рівні ніколи не закінчаться. Спокійніша противага гонитві за рекордом — для моментів, коли хочеться думати, а не поспішати.

▸ ЗБИРАЙ І ВІДКРИВАЙ
• 8 тем: Класика, Пастель, Неон, Океан, Дерево, Захід сонця, Ліс і Аврора (Аврора — лише в наборі прихильника)
• 8 скінів блоків, від простих до кришталевих
• Місії, рівні гравця, досягнення й детальна статистика
• Підсилення для складних ігор: відміна ходу, заміна фігур, бомба
• Скарбничка: кожна очищена лінія наповнює її — коли вона повна, монети твої

▸ ТАБЛИЦЯ ЛІДЕРІВ
Додай ім’я, яке обереш сам, і змагайся з іншими. Жодного облікового запису чи e-mail. Без імені ти граєш повністю анонімно — таблиця лідерів завжди необов’язкова.

▸ ЧЕСНО Й БЕЗ НАВ’ЯЗЛИВОСТІ
Жодної міжсторінкової реклами. Жодних банерів. Жодного «подивися відео, щоб грати далі». Qubble ніколи не перериває твою гру — жодного разу. Відео запускається лише тоді, коли ти сам його торкаєшся, наприклад щоб подвоїти монети, і завжди дає саме ту нагороду, яку обіцяє. Продовжити після завершення гри можна за монети, зароблені грою, — ніколи за відео.

▸ ГРАЄ БЕЗ ІНТЕРНЕТУ
Сама гра працює повністю офлайн: у літаку, метро, в зоні без зв’язку — неважливо. Твій прогрес зберігається на пристрої. Інтернет потрібен лише для необов’язкової таблиці лідерів.

Постав перший блок. Очисти поле. Побий свій рекорд."
"hi-IN","Qubble: ब्लॉक पहेली","ऑफ़लाइन ब्लॉक पहेली: ब्लॉक रखें, लाइनें साफ़ करें, अपना हाई स्कोर तोड़ें।","Qubble एक सुकून भरी ब्लॉक पहेली है, जिसे छोड़ना मुश्किल है। ब्लॉक रखें, लाइनें साफ़ करें, हाई स्कोर का पीछा करें — ऑफ़लाइन खेलें, बिना साइन-अप के, और एक भी ज़बरदस्ती वाले विज्ञापन के बिना।

ब्लॉक के आकारों को 8×8 बोर्ड पर खींचें, पंक्तियाँ और कॉलम भरें, और उन्हें मज़ेदार आवाज़ के साथ गायब होते देखें। कोई उलटी गिनती नहीं, कोई आपका गेम नहीं छीनता: गेम तभी खत्म होता है जब कोई भी टुकड़ा फ़िट न हो। सीखना आसान, महारत मुश्किल — बस के पाँच मिनट के लिए भी सही और रात के लंबे हाई-स्कोर सत्र के लिए भी।

▸ कैसे खेलें
तीन टुकड़े तैयार हैं, उन्हें कहाँ रखना है यह आप तय करते हैं। भरी हुई पंक्तियाँ और कॉलम साफ़ हो जाते हैं। सुनने में आसान — लेकिन गलत जगह रखा हर टुकड़ा बोर्ड को थोड़ा और तंग कर देता है। एक चाल आगे की सोच, बस ढेर लगाने से बेहतर है। जगह कम पड़ने पर टुकड़ों को घुमाया जा सकता है।

▸ कॉम्बो फ़ीवर
जल्दी-जल्दी कई लाइनें साफ़ करें और स्कोर मल्टीप्लायर उछल जाता है। बोर्ड चमकता है, आवाज़ तेज़ होती है, फ़ीवर मीटर भरता है — और अगला बड़ा क्लियर दोगुना गिना जाता है। जल्दी कॉम्बो जोड़ने पर इनाम मिलता है; आराम से खेलने पर भी हर गेम पूरा होता है।

▸ दैनिक चुनौती
हर दिन, दुनिया भर के सभी खिलाड़ियों के लिए एक ही टुकड़े एक ही क्रम में। एक जैसी शर्तें, एक मौका, एक नतीजा। अपना सिलसिला बनाने के लिए रोज़ खेलें — और छूटा हुआ एक दिन एक बार ठीक किया जा सकता है।

▸ पहेली मोड
ऐसे लेवल जिनका हल पक्का है: बोर्ड को पूरी तरह खाली करें। हर लेवल पहले से एक सॉल्वर बनाता और जाँचता है, इसलिए लेवल कभी खत्म नहीं होते। हाई-स्कोर की दौड़ से अलग एक शांत रफ़्तार, उन पलों के लिए जब आप जल्दी के बजाय सोचना चाहें।

▸ इकट्ठा करें और अनलॉक करें
• 8 थीम: क्लासिक, पेस्टल, नियॉन, समुद्र, लकड़ी, सूर्यास्त, जंगल और ऑरोरा (ऑरोरा सिर्फ़ सपोर्टर पैक में)
• 8 ब्लॉक स्किन, सादी से लेकर क्रिस्टल तक
• मिशन, खिलाड़ी लेवल, उपलब्धियाँ और विस्तृत आँकड़े
• मुश्किल गेम के लिए बूस्टर: वापस लें, टुकड़े बदलें, बम
• गुल्लक: हर साफ़ की गई लाइन इसे भरती है — भर जाने पर सिक्के आपके

▸ लीडरबोर्ड
अपना चुना हुआ नाम जोड़ें और दूसरों से मुकाबला करें। कोई अकाउंट या ईमेल ज़रूरी नहीं। बिना नाम के आप पूरी तरह गुमनाम खेलते हैं — लीडरबोर्ड हमेशा आपकी मर्ज़ी पर है।

▸ निष्पक्ष, बिना परेशानी
कोई इंटरस्टीशियल विज्ञापन नहीं। कोई बैनर नहीं। कोई ""खेलते रहने के लिए वीडियो देखें"" नहीं। Qubble आपका गेम कभी नहीं रोकता — एक बार भी नहीं। वीडियो सिर्फ़ तब चलते हैं जब आप खुद उन पर टैप करें, जैसे सिक्के दोगुने करने के लिए, और वे हमेशा वादा किया गया इनाम देते हैं। गेम ओवर के बाद जारी रखने में खेलकर कमाए सिक्के लगते हैं — वीडियो कभी नहीं।

▸ इंटरनेट के बिना खेलें
गेम खुद पूरी तरह ऑफ़लाइन चलता है: हवाई जहाज़, मेट्रो या बिना नेटवर्क वाली जगह — कोई फ़र्क नहीं। आपकी प्रगति आपके डिवाइस पर रहती है। सिर्फ़ वैकल्पिक लीडरबोर्ड को कनेक्शन चाहिए।

पहला ब्लॉक रखें। बोर्ड साफ़ करें। अपना हाई स्कोर तोड़ें।"
"ms","Qubble: Teka-teki Blok","Teka-teki blok luar talian: letak blok, kosongkan baris, kalahkan skor anda.","Qubble ialah teka-teki blok yang santai dan sukar dilepaskan. Letak blok, kosongkan garisan, kejar skor tertinggi — boleh dimain luar talian, tanpa pendaftaran, dan tanpa satu pun iklan paksa.

Seret bentuk blok ke papan 8×8, penuhkan baris dan lajur, dan lihat ia hilang dengan bunyi yang memuaskan. Tiada kira detik, tiada siapa merampas permainan anda: permainan tamat hanya apabila tiada kepingan yang muat lagi. Mudah dipelajari, sukar dikuasai — sesuai untuk lima minit dalam bas dan untuk sesi mengejar skor yang panjang pada waktu malam.

▸ CARA BERMAIN
Tiga kepingan sudah sedia, anda tentukan di mana ia diletakkan. Baris dan lajur yang penuh akan dikosongkan. Nampak mudah — tetapi setiap kepingan di tempat yang salah menyempitkan papan sedikit demi sedikit. Berfikir satu langkah ke depan lebih baik daripada sekadar menyusun. Kepingan boleh diputar apabila ruang semakin sempit.

▸ KOMBO MEMBARA
Kosongkan beberapa garisan berturut-turut dengan pantas dan pendarab mata akan melonjak. Papan bercahaya, bunyi semakin rancak, meter membara terisi — dan letupan besar seterusnya bernilai dua kali ganda. Kombo pantas diberi ganjaran; bermain dengan tenang pun anda tetap menamatkan setiap permainan.

▸ CABARAN HARIAN
Kepingan yang sama dalam susunan yang sama untuk semua pemain di seluruh dunia, setiap hari. Syarat yang sama, satu cubaan, satu keputusan. Main setiap hari untuk membina rentetan — dan satu hari yang terlepas boleh dibaiki sekali.

▸ MOD TEKA-TEKI
Tahap yang dijamin boleh diselesaikan: kosongkan papan sepenuhnya. Setiap tahap dijana dan disemak oleh penyelesai terlebih dahulu, jadi tahap tidak akan habis. Rentak yang lebih tenang berbanding mengejar skor, untuk saat anda lebih suka berfikir daripada tergesa-gesa.

▸ KUMPUL DAN BUKA
• 8 tema: Klasik, Pastel, Neon, Lautan, Kayu, Senja, Hutan dan Aurora (Aurora khas untuk pek penyokong)
• 8 skin blok, daripada ringkas hingga kristal
• Misi, tahap pemain, pencapaian dan statistik terperinci
• Penggalak untuk permainan yang sukar: buat asal, tukar kepingan, bom
• Tabung: setiap garisan yang dikosongkan mengisinya — apabila penuh, syilingnya milik anda

▸ PAPAN PENDAHULU
Tambah nama pilihan anda sendiri dan bersaing dengan orang lain. Tiada akaun atau e-mel diperlukan. Tanpa nama, anda bermain secara tanpa nama sepenuhnya — papan pendahulu sentiasa pilihan.

▸ ADIL, TANPA GANGGUAN
Tiada iklan selitan. Tiada sepanduk. Tiada ""tonton video untuk teruskan bermain"". Qubble tidak pernah mengganggu permainan anda — walau sekali. Video hanya dimainkan apabila anda sendiri mengetiknya, contohnya untuk menggandakan syiling, dan sentiasa memberikan ganjaran yang dijanjikan. Meneruskan selepas permainan tamat menggunakan syiling yang anda peroleh semasa bermain — tidak pernah video.

▸ MAIN TANPA INTERNET
Permainan ini berjalan sepenuhnya luar talian: dalam kapal terbang, kereta api bawah tanah, kawasan tiada liputan — tidak mengapa. Kemajuan anda kekal pada peranti anda. Hanya papan pendahulu pilihan yang memerlukan sambungan.

Letak blok pertama. Kosongkan papan. Kalahkan skor tertinggi anda."
