First run,achievement_first_game.png
Regular,achievement_games_25.png
Hooked,achievement_games_100.png
Climber,achievement_score_1k.png
Pro,achievement_score_5k.png
Master,achievement_score_10k.png
Legend,achievement_score_25k.png
Tidy,achievement_lines_100.png
Spring cleaner,achievement_lines_1000.png
Combo starter,achievement_combo_5.png
Combo king,achievement_combo_10.png
Experienced,achievement_level_10.png
Veteran,achievement_level_20.png
Week streak,achievement_streak_7.png
Month streak,achievement_streak_30.png
Puzzler,achievement_puzzles_10.png
Builder,achievement_pieces_5000.png
