First run,Erste Runde,Spiele deine erste Runde,de-DE
Regular,Stammspieler,Spiele 25 Runden,de-DE
Hooked,Süchtig,Spiele 100 Runden,de-DE
Climber,Aufsteiger,Erreiche 1.000 Punkte,de-DE
Pro,Profi,Erreiche 5.000 Punkte,de-DE
Master,Meister,Erreiche 10.000 Punkte,de-DE
Legend,Legende,Erreiche 25.000 Punkte,de-DE
Tidy,Aufräumer,Räume insgesamt 100 Reihen,de-DE
Spring cleaner,Putzteufel,Räume insgesamt 1.000 Reihen,de-DE
Combo starter,Combo-Starter,Erreiche eine 5er-Combo,de-DE
Combo king,Combo-König,Erreiche eine 10er-Combo,de-DE
Experienced,Erfahren,Erreiche Level 10,de-DE
Veteran,Veteran,Erreiche Level 20,de-DE
Week streak,Wochenstreak,7 Tage Daily-Streak,de-DE
Month streak,Monatsstreak,30 Tage Daily-Streak,de-DE
Puzzler,Knobler,Löse 10 Rätsel,de-DE
Builder,Baumeister,Platziere 5.000 Teile,de-DE
First run,Primera partida,Juega tu primera partida,es-419
Regular,Habitual,Juega 25 partidas,es-419
Hooked,Enganchado,Juega 100 partidas,es-419
Climber,Escalador,Alcanza 1.000 puntos,es-419
Pro,Profesional,Alcanza 5.000 puntos,es-419
Master,Maestro,Alcanza 10.000 puntos,es-419
Legend,Leyenda,Alcanza 25.000 puntos,es-419
Tidy,Ordenado,Limpia 100 filas en total,es-419
Spring cleaner,Limpieza a fondo,Limpia 1.000 filas en total,es-419
Combo starter,Aprendiz de combos,Consigue un combo x5,es-419
Combo king,Rey del combo,Consigue un combo x10,es-419
Experienced,Experimentado,Alcanza el nivel 10,es-419
Veteran,Veterano,Alcanza el nivel 20,es-419
Week streak,Racha semanal,Una racha diaria de 7 días,es-419
Month streak,Racha mensual,Una racha diaria de 30 días,es-419
Puzzler,Mente lógica,Resuelve 10 rompecabezas,es-419
Builder,Constructor,Coloca 5.000 piezas,es-419
First run,Primera partida,Juega tu primera partida,es-ES
Regular,Habitual,Juega 25 partidas,es-ES
Hooked,Enganchado,Juega 100 partidas,es-ES
Climber,Escalador,Alcanza 1.000 puntos,es-ES
Pro,Profesional,Alcanza 5.000 puntos,es-ES
Master,Maestro,Alcanza 10.000 puntos,es-ES
Legend,Leyenda,Alcanza 25.000 puntos,es-ES
Tidy,Ordenado,Limpia 100 filas en total,es-ES
Spring cleaner,Limpieza a fondo,Limpia 1.000 filas en total,es-ES
Combo starter,Aprendiz de combos,Consigue un combo x5,es-ES
Combo king,Rey del combo,Consigue un combo x10,es-ES
Experienced,Experimentado,Alcanza el nivel 10,es-ES
Veteran,Veterano,Alcanza el nivel 20,es-ES
Week streak,Racha semanal,Una racha diaria de 7 días,es-ES
Month streak,Racha mensual,Una racha diaria de 30 días,es-ES
Puzzler,Mente lógica,Resuelve 10 rompecabezas,es-ES
Builder,Constructor,Coloca 5.000 piezas,es-ES
First run,Primeira partida,Jogue sua primeira partida,pt-BR
Regular,Frequentador,Jogue 25 partidas,pt-BR
Hooked,Viciado,Jogue 100 partidas,pt-BR
Climber,Escalador,Alcance 1.000 pontos,pt-BR
Pro,Profissional,Alcance 5.000 pontos,pt-BR
Master,Mestre,Alcance 10.000 pontos,pt-BR
Legend,Lenda,Alcance 25.000 pontos,pt-BR
Tidy,Organizado,Limpe 100 fileiras no total,pt-BR
Spring cleaner,Faxina geral,Limpe 1.000 fileiras no total,pt-BR
Combo starter,Aprendiz de combos,Faça um combo x5,pt-BR
Combo king,Rei do combo,Faça um combo x10,pt-BR
Experienced,Experiente,Alcance o nível 10,pt-BR
Veteran,Veterano,Alcance o nível 20,pt-BR
Week streak,Semana completa,Uma sequência diária de 7 dias,pt-BR
Month streak,Mês completo,Uma sequência diária de 30 dias,pt-BR
Puzzler,Mente afiada,Resolva 10 quebra-cabeças,pt-BR
Builder,Construtor,Coloque 5.000 peças,pt-BR
First run,Première partie,Joue ta première partie,fr-FR
Regular,Habitué,Joue 25 parties,fr-FR
Hooked,Accro,Joue 100 parties,fr-FR
Climber,Grimpeur,Atteins 1 000 points,fr-FR
Pro,Pro,Atteins 5 000 points,fr-FR
Master,Maître,Atteins 10 000 points,fr-FR
Legend,Légende,Atteins 25 000 points,fr-FR
Tidy,Soigneux,Efface 100 lignes au total,fr-FR
Spring cleaner,Grand ménage,Efface 1 000 lignes au total,fr-FR
Combo starter,Apprenti combo,Atteins un combo x5,fr-FR
Combo king,Roi du combo,Atteins un combo x10,fr-FR
Experienced,Expérimenté,Atteins le niveau 10,fr-FR
Veteran,Vétéran,Atteins le niveau 20,fr-FR
Week streak,Semaine parfaite,Une série quotidienne de 7 jours,fr-FR
Month streak,Mois parfait,Une série quotidienne de 30 jours,fr-FR
Puzzler,Cerveau,Résous 10 puzzles,fr-FR
Builder,Bâtisseur,Pose 5 000 pièces,fr-FR
First run,Prima partita,Gioca la tua prima partita,it-IT
Regular,Abituale,Gioca 25 partite,it-IT
Hooked,Appassionato,Gioca 100 partite,it-IT
Climber,Scalatore,Raggiungi 1.000 punti,it-IT
Pro,Professionista,Raggiungi 5.000 punti,it-IT
Master,Maestro,Raggiungi 10.000 punti,it-IT
Legend,Leggenda,Raggiungi 25.000 punti,it-IT
Tidy,Ordinato,Elimina 100 righe in totale,it-IT
Spring cleaner,Pulizie di primavera,Elimina 1.000 righe in totale,it-IT
Combo starter,Apprendista combo,Raggiungi una combo x5,it-IT
Combo king,Re delle combo,Raggiungi una combo x10,it-IT
Experienced,Esperto,Raggiungi il livello 10,it-IT
Veteran,Veterano,Raggiungi il livello 20,it-IT
Week streak,Settimana perfetta,Una serie giornaliera di 7 giorni,it-IT
Month streak,Mese perfetto,Una serie giornaliera di 30 giorni,it-IT
Puzzler,Mente brillante,Risolvi 10 puzzle,it-IT
Builder,Costruttore,Piazza 5.000 pezzi,it-IT
First run,İlk oyun,İlk oyununu oyna,tr-TR
Regular,Müdavim,25 oyun oyna,tr-TR
Hooked,Bağımlı,100 oyun oyna,tr-TR
Climber,Tırmanıcı,1.000 puana ulaş,tr-TR
Pro,Profesyonel,5.000 puana ulaş,tr-TR
Master,Usta,10.000 puana ulaş,tr-TR
Legend,Efsane,25.000 puana ulaş,tr-TR
Tidy,Düzenli,Toplam 100 satır temizle,tr-TR
Spring cleaner,Bahar temizliği,Toplam 1.000 satır temizle,tr-TR
Combo starter,Kombo çırağı,x5 komboya ulaş,tr-TR
Combo king,Kombo kralı,x10 komboya ulaş,tr-TR
Experienced,Deneyimli,10. seviyeye ulaş,tr-TR
Veteran,Kıdemli,20. seviyeye ulaş,tr-TR
Week streak,Haftalık seri,Günlük meydan okumada 7 günlük seri,tr-TR
Month streak,Aylık seri,Günlük meydan okumada 30 günlük seri,tr-TR
Puzzler,Bulmaca ustası,10 bulmaca çöz,tr-TR
Builder,İnşaatçı,5.000 parça yerleştir,tr-TR
First run,Pierwsza gra,Rozegraj pierwszą grę,pl-PL
Regular,Stały bywalec,Rozegraj 25 gier,pl-PL
Hooked,Wciągnięty,Rozegraj 100 gier,pl-PL
Climber,Wspinacz,Zdobądź 1000 pkt,pl-PL
Pro,Zawodowiec,Zdobądź 5000 pkt,pl-PL
Master,Mistrz,Zdobądź 10 000 pkt,pl-PL
Legend,Legenda,Zdobądź 25 000 pkt,pl-PL
Tidy,Porządek,Wyczyść łącznie 100 rzędów,pl-PL
Spring cleaner,Wielkie sprzątanie,Wyczyść łącznie 1000 rzędów,pl-PL
Combo starter,Początki combo,Zdobądź combo x5,pl-PL
Combo king,Król combo,Zdobądź combo x10,pl-PL
Experienced,Doświadczenie,Osiągnij poziom 10,pl-PL
Veteran,Weteran,Osiągnij poziom 20,pl-PL
Week streak,Cały tydzień,Seria wyzwań dnia: 7 dni,pl-PL
Month streak,Cały miesiąc,Seria wyzwań dnia: 30 dni,pl-PL
Puzzler,Łamigłówkowa głowa,Rozwiąż 10 łamigłówek,pl-PL
Builder,Budowniczy,Połóż 5000 klocków,pl-PL
First run,Eerste potje,Speel je eerste potje,nl-NL
Regular,Vaste gast,Speel 25 potjes,nl-NL
Hooked,Verslaafd,Speel 100 potjes,nl-NL
Climber,Klimmer,Haal 1.000 punten,nl-NL
Pro,Prof,Haal 5.000 punten,nl-NL
Master,Meester,Haal 10.000 punten,nl-NL
Legend,Legende,Haal 25.000 punten,nl-NL
Tidy,Netjes,Speel in totaal 100 rijen weg,nl-NL
Spring cleaner,Grote schoonmaak,Speel in totaal 1.000 rijen weg,nl-NL
Combo starter,Combobeginner,Haal een combo x5,nl-NL
Combo king,Comboking,Haal een combo x10,nl-NL
Experienced,Ervaren,Bereik level 10,nl-NL
Veteran,Veteraan,Bereik level 20,nl-NL
Week streak,Weekreeks,Een dagreeks van 7 dagen,nl-NL
Month streak,Maandreeks,Een dagreeks van 30 dagen,nl-NL
Puzzler,Puzzelaar,Los 10 puzzels op,nl-NL
Builder,Bouwer,Plaats 5.000 blokken,nl-NL
First run,はじめの一歩,初めてプレイする,ja-JP
Regular,常連,25回プレイする,ja-JP
Hooked,やみつき,100回プレイする,ja-JP
Climber,クライマー,1000点に到達,ja-JP
Pro,プロ,5000点に到達,ja-JP
Master,マスター,10000点に到達,ja-JP
Legend,レジェンド,25000点に到達,ja-JP
Tidy,きれい好き,合計100本のラインを消す,ja-JP
Spring cleaner,大掃除,合計1000本のラインを消す,ja-JP
Combo starter,コンボ見習い,5コンボを達成,ja-JP
Combo king,コンボ王,10コンボを達成,ja-JP
Experienced,経験者,レベル10に到達,ja-JP
Veteran,ベテラン,レベル20に到達,ja-JP
Week streak,1週間連続,デイリーを7日連続でプレイ,ja-JP
Month streak,1か月連続,デイリーを30日連続でプレイ,ja-JP
Puzzler,パズル好き,パズルを10問クリア,ja-JP
Builder,建築家,ブロックを5000個置く,ja-JP
First run,첫 게임,첫 게임 플레이,ko-KR
Regular,단골,25판 플레이,ko-KR
Hooked,중독,100판 플레이,ko-KR
Climber,클라이머,1000점 달성,ko-KR
Pro,프로,5000점 달성,ko-KR
Master,마스터,10000점 달성,ko-KR
Legend,레전드,25000점 달성,ko-KR
Tidy,깔끔쟁이,총 100줄 지우기,ko-KR
Spring cleaner,대청소,총 1000줄 지우기,ko-KR
Combo starter,콤보 입문,5콤보 달성,ko-KR
Combo king,콤보의 왕,10콤보 달성,ko-KR
Experienced,숙련자,레벨 10 달성,ko-KR
Veteran,베테랑,레벨 20 달성,ko-KR
Week streak,일주일 연속,일일 챌린지 7일 연속,ko-KR
Month streak,한 달 연속,일일 챌린지 30일 연속,ko-KR
Puzzler,퍼즐러,퍼즐 10개 해결,ko-KR
Builder,건축가,블록 5000개 놓기,ko-KR
First run,第一局,玩你的第一局,zh-CN
Regular,常客,玩 25 局,zh-CN
Hooked,上瘾了,玩 100 局,zh-CN
Climber,攀登者,达到 1000 分,zh-CN
Pro,高手,达到 5000 分,zh-CN
Master,大师,达到 10000 分,zh-CN
Legend,传奇,达到 25000 分,zh-CN
Tidy,井井有条,累计消除 100 条线,zh-CN
Spring cleaner,大扫除,累计消除 1000 条线,zh-CN
Combo starter,连击新手,达成 x5 连击,zh-CN
Combo king,连击之王,达成 x10 连击,zh-CN
Experienced,经验丰富,达到 10 级,zh-CN
Veteran,老将,达到 20 级,zh-CN
Week streak,连续一周,每日挑战连续 7 天,zh-CN
Month streak,连续一个月,每日挑战连续 30 天,zh-CN
Puzzler,解谜者,解开 10 道谜题,zh-CN
Builder,建筑师,放置 5000 个方块,zh-CN
